#,Phase,Task,Status,Done On,Notes
1.1,Phase 1 - Foundations,Backend project setup (Node.js + TypeScript + Express),Done,2026-04-29,tsx watch dev server
1.2,Phase 1 - Foundations,Frontend project setup (React + Vite + TypeScript),Done,2026-04-29,Vite dev server with proxy to backend
1.3,Phase 1 - Foundations,Implement URL ingestion endpoint (POST /api/urls),Done,2026-04-29,Add and remove URLs via REST
1.4,Phase 1 - Foundations,Implement status checker (HTTP GET to URL),Done,2026-04-29,Captures HTTP status code
1.5,Phase 1 - Foundations,Group URLs by status family (2xx/3xx/4xx/5xx/error),Done,2026-04-29,classify() pure function
1.6,Phase 1 - Foundations,Frontend dashboard with grouped count cards,Done,2026-04-30,React + CSS color-coded
1.7,Phase 1 - Foundations,Real-time refresh (frontend polls every 3s),Done,2026-04-30,setInterval + useEffect
1.8,Phase 1 - Foundations,JSON file persistence with atomic writes,Done,2026-04-30,data/db.json with .tmp + rename
2.1,Phase 1.5 - Production polish,Project segregation (multiple projects + sidebar),Done,2026-05-05,Each project = monitored service
2.2,Phase 1.5 - Production polish,Per-project API key vault,Done,2026-05-05,Configurable header name + prefix
2.3,Phase 1.5 - Production polish,Auth header injection for monitored URLs,Done,2026-05-05,Bearer / x-api-key / Basic supported
2.4,Phase 1.5 - Production polish,Per-URL configurable check interval,Done,2026-05-05,Default 5 min; range 1-1440
2.5,Phase 1.5 - Production polish,5-phase HTTP latency tracking,Done,2026-05-05,DNS / TCP / TLS / TTFB / Download via raw https
2.6,Phase 1.5 - Production polish,Description field per URL,Done,2026-05-05,Free-text endpoint label
2.7,Phase 1.5 - Production polish,Error reason mapping (human-readable),Done,2026-05-05,DNS fail / cert expired / 401 / 503 etc
2.8,Phase 1.5 - Production polish,Slack webhook integration for failure alerts,Done,2026-05-05,Auto-fire on transition to failing
2.9,Phase 1.5 - Production polish,Latency bar visualization (per-check breakdown),Done,2026-05-05,Color-coded segments per phase
3.1,Phase 1.6 - UX refresh,Modal/dialog system (replace browser prompts),Done,2026-05-07,Reusable Modal + ConfirmDialog
3.2,Phase 1.6 - UX refresh,Toast notifications (success / error feedback),Done,2026-05-07,Auto-dismiss after 3.5s
3.3,Phase 1.6 - UX refresh,Design token system (spacing / type / radius / motion),Done,2026-05-07,CSS custom properties
3.4,Phase 1.6 - UX refresh,Polished sidebar with project avatars + health dots,Done,2026-05-07,Color-hashed initials
3.5,Phase 1.6 - UX refresh,Animated transitions and hover states,Done,2026-05-07,Cards lift; modals slide-up
4.1,Phase 1.7 - Storage upgrade,Migrate from JSON file to SQLite (node:sqlite),Done,2026-05-08,Built-in - no native compile
4.2,Phase 1.7 - Storage upgrade,Schema design (projects/keys/urls/checks tables),Done,2026-05-08,Foreign keys + indexes
4.3,Phase 1.7 - Storage upgrade,Auto-migrate existing db.json to SQLite,Done,2026-05-08,Old file backed up as .migrated.bak
4.4,Phase 1.7 - Storage upgrade,Persistent check history (every check stored),Done,2026-05-08,checks table with timestamps
4.5,Phase 1.7 - Storage upgrade,7-day retention policy with auto-pruning,Done,2026-05-08,Hourly cleanup job
4.6,Phase 1.7 - Storage upgrade,Extend retention to 365 days for long-range views,Done,2026-05-12,Was 7 days; now keeps a year
5.1,Phase 1.8 - History UI,Sparkline component (24h latency trend),Done,2026-05-08,Pure SVG no library
5.2,Phase 1.8 - History UI,Status strip (24h commit-graph style),Done,2026-05-08,Replaced by Activity Timeline (5.7)
5.3,Phase 1.8 - History UI,Failure rate chip (color-coded by severity),Done,2026-05-08,Green <1% / Amber 1-5% / Red >5%
5.4,Phase 1.8 - History UI,KPI bar (4 KPIs + project sparkline),Done,2026-05-08,Total / Healthy% / Avg latency / Failing
5.5,Phase 1.8 - History UI,/api/urls/:id/history endpoint,Done,2026-05-08,Returns checks since timestamp
5.6,Phase 1.8 - History UI,/api/urls/:id/stats endpoint,Done,2026-05-08,Total / failures / avg / p99
5.7,Phase 1.8 - History UI,Activity Timeline (unified history viz),Done,2026-05-11,Replaces status strip + sparkline
5.8,Phase 1.8 - History UI,Time Range Selector (24h/7d/30d/90d/1y/Custom) - LinkedIn style,Done,2026-05-12,Re-renders all charts based on selection
5.10,Phase 1.8 - History UI,Time Range Selector visual redesign (segmented pill + sliding indicator),Done,2026-05-12,Datadog/Linear-inspired premium look
12.1,Phase 1.12 - UX polish,Skeleton loaders on first paint,Done,2026-05-12,Shimmer placeholders before /api/status arrives
12.2,Phase 1.12 - UX polish,Spinner component + busy state in async buttons,Done,2026-05-12,Replaces text-only Checking... state
12.3,Phase 1.12 - UX polish,Toast notifications with success/error/info icons,Done,2026-05-12,SVG icons + colored borders
12.4,Phase 1.12 - UX polish,Pulse animation on failing/degraded health dots in sidebar,Done,2026-05-12,Calls attention to broken services
12.5,Phase 1.12 - UX polish,Staggered fade+slide entrance for URL cards,Done,2026-05-12,40ms stagger between cards
12.6,Phase 1.12 - UX polish,Smooth transitions on status pills + KPIs + chips,Done,2026-05-12,No more abrupt color/value snaps
12.7,Phase 1.12 - UX polish,Consistent focus-visible rings across interactive elements,Done,2026-05-12,Keyboard navigation accessibility
12.8,Phase 1.12 - UX polish,Reduced-motion media query (a11y),Done,2026-05-12,Respects prefers-reduced-motion
13.1,Phase 1.13 - Flows (API chaining),Backend: flows + flow_steps + flow_runs + step_results + variable_cache tables,Done,2026-05-19,SQLite schema with full FK relations
13.2,Phase 1.13 - Flows (API chaining),Backend: extraction.ts with mini JSONPath + header + status capture,Done,2026-05-19,Zero deps; supports $.foo.bar / arrays / quoted keys
13.3,Phase 1.13 - Flows (API chaining),Backend: variable substitution ({{name}} in URL/headers/body/params),Done,2026-05-19,Find-and-replace before sending
13.4,Phase 1.13 - Flows (API chaining),Backend: flowRunner.ts - atomic execution + stop-on-failure + skip cascade,Done,2026-05-19,Industry standard atomic flow execution
13.5,Phase 1.13 - Flows (API chaining),Backend: smart caching with TTL (skip step if all vars still fresh),Done,2026-05-19,Massive cost saver - don't re-login if token valid
13.6,Phase 1.13 - Flows (API chaining),Backend: per-step retries with exponential backoff,Done,2026-05-19,Kills false alerts from network blips
13.7,Phase 1.13 - Flows (API chaining),Backend: custom wait between steps for async APIs,Done,2026-05-19,POST job -> wait 5s -> poll status
13.8,Phase 1.13 - Flows (API chaining),Backend: monitor scheduler extended to run due flows atomically,Done,2026-05-19,One interval per flow not per step
13.9,Phase 1.13 - Flows (API chaining),Backend: Slack alert on flow failure (per-project webhook),Done,2026-05-19,Reuses existing slack.ts
13.10,Phase 1.13 - Flows (API chaining),Backend: 13 REST endpoints (flows/steps/runs/cache CRUD),Done,2026-05-19,Full CRUD + reorder + manual trigger
13.11,Phase 1.13 - Flows (API chaining),Frontend: FlowEditor modal (name/interval/stop-on-failure),Done,2026-05-19,Create + edit + enable/disable
13.12,Phase 1.13 - Flows (API chaining),Frontend: StepEditor modal with 7 tabs (Basics/Params/Headers/Body/Assertions/Extract/Retry),Done,2026-05-19,Full Postman parity + extractions + retries
13.13,Phase 1.13 - Flows (API chaining),Frontend: Variables hint shows available {{vars}} from prior steps,Done,2026-05-19,Self-documenting flow editor
13.14,Phase 1.13 - Flows (API chaining),Frontend: FlowCard with expandable step list + per-step results,Done,2026-05-19,One run shown inline; click step to edit
13.15,Phase 1.13 - Flows (API chaining),Frontend: Run Now button with spinner + last-run timestamp,Done,2026-05-19,Manual trigger from UI
13.16,Phase 1.13 - Flows (API chaining),Frontend: Flows section integrated above Standalone URLs in ProjectView,Done,2026-05-19,Clean separation of flows vs independent URLs
13.17,Phase 1.13 - Flows (API chaining),UX: wrap Flows + URLs in visual section panels with header/count/actions,Done,2026-05-19,Notion/Linear style - fixes orphaned search bar issue
13.18,Phase 1.13 - Flows (API chaining),UX: GitHub-style tab navigation (Standalone URLs / Flows) with count badges + active underline,Done,2026-05-19,Each tab has its own search/filters - scales to many items
13.19,Phase 1.13 - Flows (API chaining),UX: URL hash persistence for tabs (#urls / #flows) + danger badge on failing count,Done,2026-05-19,Refresh stays on same tab; bookmarkable; failures visible without switching
13.20,Phase 1.13 - Flows (API chaining),UX: switching projects in sidebar resets to URLs tab (deep-link still respected on refresh),Done,2026-05-19,Fixes confusing "I was on Flows in A; clicking B opens Flows in B too"
13.21,Phase 1.13 - Flows (API chaining),UX: tighten vertical rhythm (main gap 24px->12px) + breathing room before section panel,Done,2026-05-19,Less visual clutter; rests where rests are needed
13.22,Phase 1.13 - Flows (API chaining),Backend: Run Audit now includes flows (re-runs all enabled flows alongside URL checks),Done,2026-05-19,Single button audits everything in project
13.23,Phase 1.13 - Flows (API chaining),Backend: HTML report has dedicated Flows table section + 4 KPIs with breakdown,Done,2026-05-19,URLs section + Flows section + per-step status badges
13.24,Phase 1.13 - Flows (API chaining),Backend: Slack Block Kit message split into URL track + Flow track,Done,2026-05-19,Dual stats row + separate failing lists for each type
13.25,Phase 1.13 - Flows (API chaining),Backend: store extends list queries with lastRunOk + lastRunTotalMs via correlated subquery,Done,2026-05-19,Single SQL roundtrip - no N+1 issue
13.26,Phase 1.13 - Flows (API chaining),Frontend: KpiBar flow-aware (Endpoints label + breakdowns) with graceful no-flows fallback,Done,2026-05-19,Single bar tells full story
13.27,Phase 1.13 - Flows (API chaining),Frontend: Audit result modal shows dual-track URL/Flow breakdown,Done,2026-05-19,Clear separation in result feedback
13.28,Phase 1.13 - Flows (API chaining),Frontend: Flows tab gets mini-KPI strip (Total/Healthy/Failing/Avg run/Last run),Done,2026-05-19,Flow-level health at a glance
13.29,Phase 1.13 - Flows (API chaining),UX: Flow KPI strip enlarged + tooltips on every cell + show which flow last ran,Done,2026-05-19,Last run cell shows flow name as subtext; all cells hover-explained
13.30,Phase 1.13 - Flows (API chaining),Fix: Flow KPI strip auto-updates after Run Now (no page refresh needed),Done,2026-05-19,FlowCard onAfterRun callback bumps a flows-refresh tick in ProjectView
5.9,Phase 1.8 - History UI,Dynamic axis labels (hours/days/dates) based on window,Done,2026-05-12,Activity Timeline auto-formats
6.1,Phase 1.9 - Postman parity,HTTP method support (GET/POST/PUT/PATCH),Done,2026-05-11,DELETE blocked for safety
6.2,Phase 1.9 - Postman parity,Body editor with type selector,Done,2026-05-11,JSON / form / urlencoded
6.3,Phase 1.9 - Postman parity,Custom headers tab (key-value editor),Done,2026-05-11,Sent on every check
6.4,Phase 1.9 - Postman parity,Query parameters tab (key-value editor),Done,2026-05-11,Appended to URL automatically
6.5,Phase 1.9 - Postman parity,Assertions engine (4 v1 types),Done,2026-05-11,status equals / in range / latency under / body contains
6.6,Phase 1.9 - Postman parity,Assertion result pills on URL cards,Done,2026-05-11,Green check / red X
6.7,Phase 1.9 - Postman parity,Raw body type with custom Content-Type (Text/XML/HTML/JS/YAML/custom),Done,2026-05-12,Postman raw mode equivalent
7.1,Phase 1.10 - Audit + Slack,Run Audit button (manual Check All),Done,2026-05-08,Concurrency capped at 8 parallel
7.2,Phase 1.10 - Audit + Slack,HTML report generator,Done,2026-05-08,Standalone HTML in data/reports/
7.3,Phase 1.10 - Audit + Slack,Slack Block Kit message format,Done,2026-05-08,Rich KPIs and failure details
7.4,Phase 1.10 - Audit + Slack,Slack file upload (HTML attached),Done,2026-05-08,@slack/web-api files.uploadV2
7.5,Phase 1.10 - Audit + Slack,Audit progress modal + result modal,Done,2026-05-08,Spinner during run; summary after
7.6,Phase 1.10 - Audit + Slack,Get Slack Bot Token (xoxb-) and configure,Pending,,User: paste in Settings to enable Slack uploads
8.1,Phase 1.11 - Discoverability,Search by URL/description/method,Done,2026-05-11,Filters list live as you type
8.2,Phase 1.11 - Discoverability,Numbered pagination (LeetCode style),Done,2026-05-11,Smart ellipsis for many pages
8.3,Phase 1.11 - Discoverability,Method filter chips (color-coded),Done,2026-05-11,GET green / POST orange / PUT cyan / PATCH purple
8.4,Phase 1.11 - Discoverability,Search bar with icon + keyboard shortcut (/),Done,2026-05-11,Press / anywhere to focus
8.5,Phase 1.11 - Discoverability,Result count chip in search,Done,2026-05-11,Highlights blue when filter active
8.6,Phase 1.11 - Discoverability,New URLs appear at top of list,Done,2026-05-11,ORDER BY rowid DESC
9.1,Demo & explanation,Demo: API key with/without (httpbin/bearer),Done,2026-05-06,Showed 401 vs 200 with same URL
9.2,Demo & explanation,Demo: Basic Auth with httpbin/basic-auth,Done,2026-05-06,Different auth style demonstrated
9.3,Demo & explanation,Demo: POST + JSON body to httpbin/post,Done,2026-05-11,Confirmed body sent correctly
9.4,Demo & explanation,Explanation doc: how Phase 1 connects to Phase 2,Done,2026-05-05,Mapped each Phase 2 requirement to Phase 1 file
9.5,Demo & explanation,Manager meeting: present plan and get approval,Pending,,User to schedule
14.1,Phase 1.14 - Prerequisites,Backend: 4 new tables (prereq_steps / prereq_runs / prereq_step_results / project_variable_cache) + project columns,Done,2026-05-19,Project-level setup chain + variable pool
14.2,Phase 1.14 - Prerequisites,Backend: store CRUD + run lifecycle + project-pool variable cache,Done,2026-05-19,listPrereqSteps / startPrereqRun / cacheProjectVariable etc.
14.3,Phase 1.14 - Prerequisites,Backend: prereqRunner.ts (sequential exec, retries, wait, TTL, captures to project pool),Done,2026-05-19,Mirrors flowRunner with project-scoped persistence
14.4,Phase 1.14 - Prerequisites,Backend: monitor.ts substitutes project-pool {{vars}} into every standalone URL check,Done,2026-05-19,URL custom headers and body now resolve {{auth_token}} etc.
14.5,Phase 1.14 - Prerequisites,Backend: flowRunner.ts merges project pool + flow cache (flow-scoped wins on conflict),Done,2026-05-19,Hierarchical variable scoping (project < flow)
14.6,Phase 1.14 - Prerequisites,Backend: monitor tick auto-runs due prereq chains (before URLs/flows),Done,2026-05-19,Tokens stay warm without manual refresh
14.7,Phase 1.14 - Prerequisites,Backend: REST endpoints (CRUD prereq steps / run / list runs / get vars / clear vars),Done,2026-05-19,7 new routes wired in index.ts
14.8,Phase 1.14 - Prerequisites,Frontend: PrereqsPanel — collapsible panel above tab nav with status header + Run Now,Done,2026-05-19,Visible on both URLs and Flows tabs
14.9,Phase 1.14 - Prerequisites,Frontend: PrereqStepEditorForm (shares 7-tab UX with FlowStep editor),Done,2026-05-19,Reuses BodyEditor / AssertionsEditor / ExtractionsEditor / RetryWaitEditor
14.10,Phase 1.14 - Prerequisites,Frontend: Variables hint in Flow step editor now includes prereq-chain vars,Done,2026-05-19,Surfaced via projectVars prop loaded by App
14.11,Phase 1.14 - Prerequisites,Frontend: live project variable list (with TTL countdown) + Clear vars button,Done,2026-05-19,Renders captured pool inline in the panel
14.12,Phase 1.14 - Prerequisites,Frontend: per-project schedule controls (interval + enable/disable),Done,2026-05-19,Saves via PATCH /projects/:id with new fields
14.13,Phase 1.14 - Prerequisites,Smoke test: prereq captures token + URL substitutes it + body-contains assertion passes,Done,2026-05-19,End-to-end substitution proven via httpbin /post → /headers
14.14,Phase 1.14 - Prerequisites,Backend: {{var}} substitution inside assertion config (body-contains text),Done,2026-05-19,Closes the brittleness gap — assertions tracking rotating session/auth tokens stay green
14.15,Phase 1.14 - Prerequisites,Backend: evaluateAssertions accepts vars param + 3 callsites wire it through (monitor / flowRunner / prereqRunner),Done,2026-05-19,Single source of truth - same vars used for substitution everywhere
14.16,Phase 1.14 - Prerequisites,Frontend: assertion UI hints {{var}} support (placeholder + tip line),Done,2026-05-19,Users discover the feature without docs
14.17,Phase 1.14 - Prerequisites,Smoke test: prereq re-run after pool clear keeps flow green automatically,Done,2026-05-19,Proven across 3 step shapes (body / header / query param) on Default project
14.18,Phase 1.14 - Prerequisites,Backend: split runners into kickoff (sync runId) + executeRun (background); new /run-async endpoints return 202 with runId,Done,2026-05-19,Frontend can now show live per-step progress instead of a blocking spinner
14.19,Phase 1.14 - Prerequisites,Frontend: FlowCard + PrereqsPanel poll runId every 500ms; render running-pulse pill / queued dashed pill / progress bar,Done,2026-05-19,Step state transitions queued > running > done in real time
14.20,Phase 1.14 - Prerequisites,UX: progress bar shows 'Step N of M running...' + completed count above step list,Done,2026-05-19,Replaces 'simply loading n loading' opaque spinner
14.21,Phase 1.14 - Prerequisites,Backend: force flag on kickoff functions bypasses smart TTL skip-cache; /run-async accepts ?force=true,Done,2026-05-19,Production-grade pattern - human clicks bypass caches, scheduler keeps them
14.22,Phase 1.14 - Prerequisites,Frontend: manual Run-now buttons always pass force=true (FlowCard + PrereqsPanel),Done,2026-05-19,Button now does what it says - no more confusing SKIPPED on click
14.23,Phase 1.14 - Prerequisites,Smoke test: scheduler skips when fresh / manual click always refreshes the pool,Done,2026-05-19,Verified pool value before/after to prove both paths
15.1,Phase 1.15 - UX hardening,Active project persists across page refresh (localStorage),Done,2026-05-19,Refresh keeps you where you were instead of dumping to default
15.2,Phase 1.15 - UX hardening,Per-project scroll memory: save on leave / restore on return / top on fresh,Done,2026-05-19,Switching projects no longer 'inherits' middle-of-page scroll from the previous one
15.3,Phase 1.15 - UX hardening,Prereq panel auto-collapses 1.5s after run completes (restores pre-click state),Done,2026-05-19,Expands during run for live progress then snaps back as if untouched
15.4,Phase 1.15 - UX hardening,Two-click inline confirm for step delete (replaces native window.confirm),Done,2026-05-19,Avoids ugly browser confirm modal nested inside our editor modal
15.5,Phase 1.15 - UX hardening,Document title reflects active project + failing count,Done,2026-05-19,Tab title now '(3 failing) Project Name - Functional Monitor'
15.6,Phase 1.15 - UX hardening,Sidebar shows failing-count badge per project (pulsing red),Done,2026-05-19,Spot failing projects at a glance without clicking each one
15.7,Phase 1.15 - UX hardening,Step rows truncate long URLs cleanly (ellipsis + monospace),Done,2026-05-19,Prevents long URLs from pushing the edit hint off the card
15.8,Phase 1.15 - UX hardening,Backend: liveStep map in flowRunner + prereqRunner; each retry attempt + backoff phase is published in-memory,Done,2026-05-20,Enables live retry visibility without DB writes per attempt
15.9,Phase 1.15 - UX hardening,Backend: GET /flow-runs/:id and /prereq-runs/:id enrich response with optional liveStep while run is mid-flight,Done,2026-05-20,Single endpoint - existing poll cadence picks it up
15.10,Phase 1.15 - UX hardening,Frontend: running step pill switches to amber "RETRY N/M" + step row tints amber during retries,Done,2026-05-20,Distinguishes a retry-in-progress from a fresh attempt
15.11,Phase 1.15 - UX hardening,Frontend: progress bar shows "retry N of M (waiting before next try)" + last-try status code chip,Done,2026-05-20,No more silent waits during exponential backoff
15.12,Phase 1.15 - UX hardening,Smoke test: 503 endpoint with 3 retries traces attempt 1 to 4 transitions including backoff phase,Done,2026-05-20,Verified via /api/flow-runs/:id polling at 350ms cadence
16.1,Phase 1.16 - Binary uploads + UX tightening,Backend: uploads table + on-disk storage in data/uploads/<uuid>,Done,2026-05-21,One row per file; bytes live on disk not in SQLite
16.2,Phase 1.16 - Binary uploads + UX tightening,Backend: paths.ts helper centralises UPLOADS_DIR + per-id path,Done,2026-05-21,Shared by index.ts upload routes and timing.ts body builder
16.3,Phase 1.16 - Binary uploads + UX tightening,Backend: POST/GET/DELETE routes (express.raw 10MB cap; URL-encoded x-filename header),Done,2026-05-21,No multer dependency; raw bytes go straight to disk
16.4,Phase 1.16 - Binary uploads + UX tightening,Backend: store CRUD (createUpload/getUpload/listUploadsByProject/deleteUpload),Done,2026-05-21,Mirrors existing row-mapper pattern
16.5,Phase 1.16 - Binary uploads + UX tightening,Backend: bodyType=binary in timing.ts parses {uploadId fieldName?} body and builds raw or multipart,Done,2026-05-21,Empty fieldName = raw bytes; set = multipart/form-data
16.6,Phase 1.16 - Binary uploads + UX tightening,Frontend: shared BinaryBodyEditor with file picker / image preview / field-name / existing-uploads picker,Done,2026-05-21,Single component reused by URL + Flow step + Prereq step editors
16.7,Phase 1.16 - Binary uploads + UX tightening,Frontend: Binary tab added to all three body editors (URL form / Flow step / Prereq step),Done,2026-05-21,Discoverable in same Body tab as JSON / Raw / form-data
16.8,Phase 1.16 - Binary uploads + UX tightening,UX: Run Now on a Flow auto-runs the prereq chain first with force=true,Done,2026-05-21,Avoids spurious failures from stale auth tokens
16.9,Phase 1.16 - Binary uploads + UX tightening,UX: Audit renamed Generate report - snapshots current state; ?refresh=true opt-in for re-check,Done,2026-05-21,Used to re-run everything; now defaults to fast snapshot
16.10,Phase 1.16 - Binary uploads + UX tightening,Smoke test: upload list readback delete round-trip via curl,Done,2026-05-21,Verified POST returns id; GET streams bytes; DELETE 204s
16.11,Phase 1.16 - Binary uploads + UX tightening,Frontend: BinaryBodyEditor rebuilt in Postman style - Select File button + inline filename + clear x; compact utilitarian row,Done,2026-05-21,User feedback: oversized dropzone felt out of place vs rest of Postman-like editor
16.12,Phase 1.16 - Binary uploads + UX tightening,Frontend: real upload progress bar (XHR onprogress with %) replaces opaque "Uploading..." text,Done,2026-05-21,Live feedback for large files; no more guessing if it hung
16.13,Phase 1.16 - Binary uploads + UX tightening,Frontend: client-side max-size guard (10MB) shows inline error before hitting server,Done,2026-05-21,Saves a wasted upload + slow round-trip for over-cap files
16.14,Phase 1.16 - Binary uploads + UX tightening,Frontend: inline filename + size display with x clear button (Postman binary tab layout),Done,2026-05-21,Matches Postman binary body editor exactly
16.15,Phase 1.16 - Binary uploads + UX tightening,Frontend: Field name (optional) inline input - empty = raw bytes / set = multipart,Done,2026-05-21,Postman-style single-tab semantic instead of radio toggle
16.16,Phase 1.16 - Binary uploads + UX tightening,Frontend: inline left-bar error message (no large banners),Done,2026-05-21,Postman-style subdued inline feedback
16.17,Phase 1.16 - Binary uploads + UX tightening,Frontend: project uploads library - collapsible tight rows with thumb/ext / check for active / hover-only delete,Done,2026-05-21,Postman-style tight row list
16.18,Phase 1.16 - Binary uploads + UX tightening,Frontend: Flow card surfaces "Refreshing access tokens..." banner during prereq phase,Done,2026-05-21,Previously only a PREREQ pill switch - banner makes the wait self-explanatory
16.19,Phase 1.16 - Binary uploads + UX tightening,Frontend: Audit button copy "Snapshot & report" + tooltip clarifies no re-checks happen,Done,2026-05-21,Button now reads as the action it performs
16.20,Phase 1.16 - Binary uploads + UX tightening,Fix: x button on selected file now deletes from project (not just unbinds from step),Done,2026-05-21,User reported: deleted file still appeared in Project uploads list
16.21,Phase 1.16 - Binary uploads + UX tightening,Replace native window.confirm for upload delete with two-click inline confirm (matches existing step-delete pattern from 15.4),Done,2026-05-21,Stays in-app instead of jumping to browser modal
16.22,Phase 1.16 - Binary uploads + UX tightening,Prereq banner now shows live step-N-of-M + completed count + retry chip + filling progress bar,Done,2026-05-22,Previously opaque - users couldn't tell if prereq was progressing or stuck
16.23,Phase 1.16 - Binary uploads + UX tightening,FlowCard Run-now lifts prereq runId up so PrereqsPanel attaches and shows the full step-by-step progress UI (matching panel's own Run-now behaviour),Done,2026-05-22,User feedback: panel's complete bar only appeared when prereq triggered from the panel itself
17.1,Phase 1.17 - Step orchestration,Backend: copyFlowStepToFlow + moveFlowStepToFlow store fns (transactional / target positions shifted +1 / insert at pos=1 / source rebalanced on move),Done,2026-05-22,Single tx() per operation - no partial state on failure
17.2,Phase 1.17 - Step orchestration,Backend: POST /api/steps/:id/copy-to-flow + /move-to-flow routes (400 on missing step / same flow / missing target),Done,2026-05-22,Reuses existing getFlow + getFlowStep guards
17.3,Phase 1.17 - Step orchestration,Frontend: reorderPrereqSteps + copyStepToFlow + moveStepToFlow API wrappers,Done,2026-05-22,Mirrors existing reorderFlowSteps pattern
17.4,Phase 1.17 - Step orchestration,Frontend: utils/varRefs.ts helper - findVarRefs + checkStepVarRefs scans url/body/headers/query for {{name}} tokens,Done,2026-05-22,Reusable across Flow steps + Prereq steps via union type
17.5,Phase 1.17 - Step orchestration,Frontend: arrow-up/down micro-stack column on every step row (FlowCard + PrereqsPanel) with first/last disabled + optimistic UI + disabled mid-run,Done,2026-05-22,Manager chose arrow buttons over drag-and-drop
17.6,Phase 1.17 - Step orchestration,Frontend: hover-revealed Move + Copy buttons on Flow step rows (not prereqs) - opens MoveCopyStepModal,Done,2026-05-22,Scope is flow-to-flow only per design
17.7,Phase 1.17 - Step orchestration,Frontend: MoveCopyStepModal lists other flows in project / empty-state row / confirm-row with Move-arrow or Copy-arrow primary button,Done,2026-05-22,Drop position is always step 1 of target (no position picker)
17.8,Phase 1.17 - Step orchestration,Frontend: warn chip on rows with broken {{var}} refs after reorder (non-blocking - runtime still attempts and surfaces real error),Done,2026-05-22,Allow + warn per design - never blocks user
17.9,Phase 1.17 - Step orchestration,Smoke test: copy + move + reorder routes verified via curl on Default project (positions rebalanced correctly on both sides),Done,2026-05-22,Edges tested: same-flow 400 / missing step 400 / missing targetFlowId 400
17.10,Phase 1.17 - Step orchestration,Fix: Move/Copy target flow now auto-refreshes (ProjectView combines flowsTick into the refreshTick passed to FlowCards),Done,2026-05-22,User-reported: target flow didn't update until manual reload
17.11,Phase 1.17 - Step orchestration,Fix: deleteFlowStep + deletePrereqStep rebalance positions inside tx() so 1/2/3 -> 1/2 after deleting position 2,Done,2026-05-22,User-reported: numbers stayed sparse (1/3) after deletion
17.12,Phase 1.17 - Step orchestration,Scroll position survives page reload via localStorage (fm:scroll:<projectId>) + beforeunload/pagehide/visibilitychange + double-rAF restore on first snapshot,Done,2026-05-22,User requested - was in-memory only before
17.13,Phase 1.17 - Step orchestration,Per-project section memory: switching back to a project restores the last-viewed tab (#urls vs #flows) instead of forcing #urls; mirrored to localStorage on switch + page-hide,Done,2026-05-22,User-reported: switching projects was always resetting to #urls even on return visit
18.1,Phase 1.18 - For-each step,Backend types.ts: new ForEachConfig interface + forEach field on FlowStep,Done,2026-05-22,Single-level only - one for-each per flow
18.2,Phase 1.18 - For-each step,Backend types.ts: iterationIndex + iterationCount on StepResult; forEachIteration + forEachTotal on LiveStepProgress,Done,2026-05-22,Same iterationCount across every row of one iteration set
18.3,Phase 1.18 - For-each step,Backend extraction.ts: jsonPath learns [*] wildcard (recursive flatten); ExtractedValue.value widened to string | unknown[],Done,2026-05-22,$.data[*] returns whole array; $.data[*].id returns array of ids
18.4,Phase 1.18 - For-each step,Backend extraction.ts: substitute learns dotted-path lookup (walks object-typed vars for {{student.id}}),Done,2026-05-22,Bridges per-iteration item objects to template syntax
18.5,Phase 1.18 - For-each step,Backend db.ts: idempotent ensureColumn migrations - for_each_config_json on flow_steps + iteration_index + iteration_count on step_results,Done,2026-05-22,Existing rows default NULL = non-iterating step
18.6,Phase 1.18 - For-each step,Backend store.ts: normalizeForEach (identifier validation) + assertSingleForEach (single-level guard) + serialize/parse in add/update/copy/move,Done,2026-05-22,400 with 'only one for-each step is allowed per flow' on guard violation
18.7,Phase 1.18 - For-each step,Backend store.ts: recordStepResult writes iterationIndex/iterationCount; rowToFlowStep + rowToStepResult parse them back,Done,2026-05-22,Prereq runner passes nulls (prereqs never iterate)
18.8,Phase 1.18 - For-each step,Backend flowRunner.ts: iteration fork - resolves array var / caps at 100 / loops with per-iteration vars / records per-iteration row / never stops flow on iter failure,Done,2026-05-22,Failure policy locked by user constraint #1 - continue all iterations
18.9,Phase 1.18 - For-each step,Backend flowRunner.ts: LiveStepProgress publishes forEachIteration + forEachTotal between iterations,Done,2026-05-22,Mid-flight UI gets 'iteration X of N' label
18.10,Phase 1.18 - For-each step,Backend flowRunner.ts + assertions.ts + prereqRunner.ts: widen vars map to Record<string,unknown> with stringify on persistence,Done,2026-05-22,Bridges array/object vars in-memory vs string-only DB rows
18.11,Phase 1.18 - For-each step,Frontend types.ts: mirror backend - ForEachConfig + forEach on FlowStep + iteration* on StepResult + forEach* on LiveStepProgress,Done,2026-05-22,Single source-of-truth alignment
18.12,Phase 1.18 - For-each step,Frontend flowForms.tsx: new For each tab with dropdown of array-typed vars + item-name input + Disable button + single-level warning banner,Done,2026-05-22,Candidates auto-derived from earlier steps' extractions that use [*]
18.13,Phase 1.18 - For-each step,Frontend FlowCard.tsx: arrow-cycle pill 'for each {{item}}' in step header next to method tag,Done,2026-05-22,Indigo tint - subtle but discoverable
18.14,Phase 1.18 - For-each step,Frontend FlowCard.tsx: (N) check X / cross Y summary chip + chevron toggles scrollable per-iteration panel (status + latency + error reason + retry count),Done,2026-05-22,Max-height 260px - doesn't render 100 inline rows per user constraint #3
18.15,Phase 1.18 - For-each step,Frontend FlowCard.tsx: live progress label gets 'iteration X of N' suffix when liveStep.forEachTotal set,Done,2026-05-22,Increments per iteration; complements existing Step N of M label
18.16,Phase 1.18 - For-each step,Frontend varRefs.ts: regex widened to recognise {{name.dotted.path}}; checkStepVarRefs adds loop-local itemVarName to known set,Done,2026-05-22,No false-warn for {{student.id}} inside a for-each step
18.17,Phase 1.18 - For-each step,Frontend styles.css: .step-foreach-pill (indigo) + .step-iterations-summary (green/red w/ chevron) + .step-iterations-panel + .step-foreach-warning (yellow),Done,2026-05-22,Visual weight matches existing extract-row editor
18.18,Phase 1.18 - For-each step,Build clean: tsc -b on backend + tsc -b + vite build on frontend,Done,2026-05-22,Zero warnings; production bundle 273KB JS / 58KB CSS
